1. YEAR,2. TRIFD,3. FRS ID,4. FACILITY NAME,5. STREET ADDRESS,6. CITY,7. COUNTY,8. ST,9. ZIP,10. BIA,11. TRIBE,12. LATITUDE,13. LONGITUDE,14. FEDERAL FACILITY,15. INDUSTRY SECTOR CODE,16. INDUSTRY SECTOR,17. PRIMARY SIC,18. SIC 2,19. SIC 3,20. SIC 4,21. SIC 5,22. SIC 6,23. PRIMARY NAICS,24. NAICS 2,25. NAICS 3,26. NAICS 4,27. NAICS 5,28. NAICS 6,29. DOC_CTRL_NUM,30. CHEMICAL,31. CAS #/COMPOUND ID,32. SRS ID,33. CLEAN AIR ACT CHEMICAL,34. CLASSIFICATION,35. METAL,36. METAL CATEGORY,37. CARCINOGEN,38. FORM TYPE,39. UNIT OF MEASURE,40. 5.1 - FUGITIVE AIR,41. 5.2 - STACK AIR,42. 5.3 - WATER,43. 5.4 - UNDERGROUND,44. 5.4.1 - UNDERGROUND CL I,45. 5.4.2 - UNDERGROUND C II-V,46. 5.5.1 - LANDFILLS,47. 5.5.1A - RCRA C LANDFILL,48. 5.5.1B - OTHER LANDFILLS,49. 5.5.2 - LAND TREATMENT,50. 5.5.3 - SURFACE IMPNDMNT,51. 5.5.3A - RCRA SURFACE IM,52. 5.5.3B - OTHER SURFACE I,53. 5.5.4 - OTHER DISPOSAL,54. ON-SITE RELEASE TOTAL,55. 6.1 - POTW - TRNS RLSE,56. 6.1 - POTW - TRNS TRT,57. POTW - TOTAL TRANSFERS,58. 6.2 - M10,59. 6.2 - M41,60. 6.2 - M62,61. 6.2 - M40 METAL,62. 6.2 - M61 METAL,63. 6.2 - M71,64. 6.2 - M81,65. 6.2 - M82,66. 6.2 - M72,67. 6.2 - M63,68. 6.2 - M66,69. 6.2 - M67,70. 6.2 - M64,71. 6.2 - M65,72. 6.2 - M73,73. 6.2 - M79,74. 6.2 - M90,75. 6.2 - M94,76. 6.2 - M99,77. OFF-SITE RELEASE TOTAL,78. 6.2 - M20,79. 6.2 - M24,80. 6.2 - M26,81. 6.2 - M28,82. 6.2 - M93,83. OFF-SITE RECYCLED TOTAL,84. 6.2 - M56,85. 6.2 - M92,86. OFF-SITE ENERGY RECOVERY T,87. 6.2 - M40 NON-METAL,88. 6.2 - M50,89. 6.2 - M54,90. 6.2 - M61 NON-METAL,91. 6.2 - M69,92. 6.2 - M95,93. OFF-SITE TREATED TOTAL,94. 6.2 - UNCLASSIFIED,95. 6.2 - TOTAL TRANSFER,96. TOTAL RELEASES,97. 8.1 - RELEASES,98. 8.1A - ON-SITE CONTAINED,99. 8.1B - ON-SITE OTHER ,100. 8.1C - OFF-SITE CONTAIN,101. 8.1D - OFF-SITE OTHER R,102. 8.2 - ENERGY RECOVER ON,103. 8.3 - ENERGY RECOVER OF,104. 8.4 - RECYCLING ON SITE,105. 8.5 - RECYCLING OFF SIT,106. 8.6 - TREATMENT ON SITE,107. 8.7 - TREATMENT OFF SITE,108. PRODUCTION WSTE (8.1-8.7),109. 8.8 - ONE-TIME RELEASE,110. PROD_RATIO_OR_ ACTIVITY,111. 8.9 - PRODUCTION RATIO,112. PARENT CO NAME,113. PARENT CO DB NUM,
"2017","05485BSCSCMILLS","110007328490","WESTROCK CONVERTING LLC","369 MILL ST","SHELDON SPRINGS","FRANKLIN","VT","05485","","","44.909945","-72.976094","NO","322","Paper","","","","","","","322130","","","","","","1317216053544","LEAD","007439921","149583","YES","PBT","YES","1","YES","R","Pounds","0",".36",".23","0","0","0","0","0","0","0","0","0","0","0",".59","0","0","0","0","0","0","0","0","0","0","0","0","0","0","0","87.68","0","0","0","0","0","0","87.68","0","0","0","0","0","0","0","0","0","0","0","0","0","0","0","0","0","87.68","88.27","0","0",".59","8.48","0","0","0","0","0","0","0","9.07","79.2","PRODUCTION",".99","WESTROCK CO","081092578"
"2017","05753CBTGR100EX","110040608205","AGRI-MARK INC","869 EXCHANGE ST","MIDDLEBURY","ADDISON","VT","05753","","","44.03105","-73.17078","NO","311","Food","","","","","","","311513","311514","","","","","1317215835113","NITRATE COMPOUNDS","N511","649616","NO","TRI","NO","0","NO","R","Pounds","0","0","0","0","0","0","0","0","0","0","0","0","0","0","0","56712.5","510412.5","567125","0","0","0","0","0","0","0","0","0","0","0","0","0","0","0","0","0","0","0","56712.5","0","0","0","0","0","0","0","0","0","0","0","0","0","0","0","510412.5","0","510412.5","56712.5","0","0","0","0","56712.5","0","0","0","0","0","510412.5","567125","","PRODUCTION","1.16","NA",""
"2017","0547WPKNDS326CA","110007329275","PIKE INDUSTRIES INC - NEW HAVEN (C600 & P736)","326 CAMPGROUND ROAD","NEW HAVEN","ADDISON","VT","05472","","","44.08574","-73.18221","NO","324","Petroleum","","","","","","","324121","","","","","","1317216354528","LEAD","007439921","149583","YES","PBT","YES","1","YES","R","Pounds","0","0","0","0","0","0","0","0","0","0","0","0","0","0","0","0","0","0","0","0","0","0","0","0","0","0","0","0","0","0","0","0","0","0","0","0","0","0","0","0","0","0","0","0","0","0","0","0","0","0","0","0","0","0","0","0","0","0","0","0","0","0","0","0","0","0","0","0","0","","PRODUCTION","1.28","CRH AMERICAS INC","037176591"
"2017","05346PTNYPOLDDE","110008053827","SOUNDVIEW VERMONT HOLDINGS LLC","MAIN ST","PUTNEY","WINDHAM","VT","05346","","","42.96323","-72.52188","NO","322","Paper","","","","","","","322121","","","","","","1317216632291","BENZO(G,H,I)PERYLENE","000191242","40576","YES","PBT","NO","0","NO","R","Pounds","0","11.64","0","0","0","0","0","0","0","0","0","0","0","0","11.64","0","0","0","0","0","0","0","0","0","0","0","0","0","0","0","0","0","0","0","0","0","0","0","0","0","0","0","0","0","0","0","0","0","0","0","0","0","0","0","0","0","11.64","0","0","11.64","0","0","0","0","0","0","0","0","11.64","","PRODUCTION","1","NA",""
"2017","05101WHTNYINDUS","110007400936","WHITNEY BLAKE CO","20 INDUSTRIAL DR","BELLOWS FALLS","WINDHAM","VT","05101","","","43.162502","-72.45625","NO","335","Electrical Equipment","","","","","","","335931","","","","","","1317216035079","COPPER","007440508","150086","NO","TRI","YES","1","NO","R","Pounds","0","0","0","0","0","0","0","0","0","0","0","0","0","0","0","0","0","0","0","0","0","0","0","0","0","0","0","0","0","0","0","0","0","0","0","0","0","0","0","0","0","0","29612","29612","0","0","0","0","0","0","0","0","0","0","0","29612","0","0","0","0","0","0","0","0","0","29612","0","0","29612","","PRODUCTION","1","NA",""
"2017","0581WPKNDS2884D","110010911834","PIKE INDUSTRIES INC - WATERFORD VT (P702 & C603)","2884 DUCK POND ROAD","WATERFORD","CALEDONIA","VT","05819","","","44.37492","-71.95161","NO","324","Petroleum","","","","","","","324121","","","","","","1317216157026","POLYCYCLIC AROMATIC COMPOUNDS","N590","649749","YES","PBT","NO","0","YES","R","Pounds",".4","3.5","0","0","0","0","0","0","0","0","0","0","0","0","3.9","0","0","0","0","0","0","0","0","0","0","0","0","0","0","0","0","0","0","0","0","0","0","0","0","0","0","0",".1",".1","0","0","0","0","0","0","0","0","0","0","0",".1","3.9","0","0","3.9","0","0","0","0",".1",".1","0","0","4.1","","PRODUCTION",".94","CRH AMERICAS INC","037176591"
"2017","05488CRGLL100JO","110005293486","CARGILL FEED & NUTRITION SWANTON","149 JONERGIN DR","SWANTON","FRANKLIN","VT","05488","","","44.929501","-73.129891","NO","311","Food","","","","","","","311119","","","","","","1317216283491","MANGANESE COMPOUNDS","N450","650010","YES","TRI","YES","1","NO","A","Pounds","0","0","0","0","0","0","0","0","0","0","0","0","0","0","0","0","0","0","0","0","0","0","0","0","0","0","0","0","0","0","0","0","0","0","0","0","0","0","0","0","0","0","0","0","0","0","0","0","0","0","0","0","0","0","0","0","0","0","0","0","0","0","0","0","0","0","0","0","0","0","","0","CARGILL INC","006249189"
"2017","05830NNBTTBAXTE","110000314954","TIVOLY INC","434 BAXTER AVE","DERBY LINE","ORLEANS","VT","05830","","","45.00411","-72.10736","NO","333","Machinery","","","","","","","333515","","","","","","1317216100483","POLYCYCLIC AROMATIC COMPOUNDS","N590","649749","YES","PBT","NO","0","YES","R","Pounds","0","311","0","0","0","0","0","0","0","0","0","0","0","0","311","0","0","0","0","0","0","0","0","0","0","0","0","0","0","0","0","0","0","0","0","0","0","0","0","0","0","0","0","0","0","0","0","0","0","0","0","0","0","0","0","0","311","0","0","311","0","0","0","0","0","0","0","0","311","","PRODUCTION","1.2","NA",""
"2017","05753CBTGR100EX","110040608205","AGRI-MARK INC","869 EXCHANGE ST","MIDDLEBURY","ADDISON","VT","05753","","","44.03105","-73.17078","NO","311","Food","","","","","","","311513","311514","","","","","1317215835137","PERACETIC ACID","000079210","7682","NO","TRI","NO","0","NO","R","Pounds","5","5","0","0","0","0","0","0","0","0","0","0","0","0","10","0","0","0","0","0","0","0","0","0","0","0","0","0","0","0","0","0","0","0","0","0","0","0","0","0","0","0","0","0","0","0","0","0","0","0","0","0","0","0","0","0","10","0","0","10","0","0","0","0","0","0","0","0","10","","PRODUCTION","1.16","NA",""
"2017","05201VRDYB401GA","110000314758","ENERGIZER MANUFACTURING INC","401 GAGE ST","BENNINGTON","BENNINGTON","VT","05201","","","42.88153","-73.19139","NO","335","Electrical Equipment","","","","","","","335912","","","","","","1317215939125","SILVER COMPOUNDS","N740","761312","NO","TRI","YES","1","NO","R","Pounds","0",".036","0","0","0","0","0","0","0","0","0","0","0","0",".036",".0066","0",".0066","0","0",".75","0","0","0","0","0","0","0","0","0","0","0","0","0","0","0","0",".7566","0","9847.23","0","0","0","9847.23","0","0","0","0","0","0","0","0","0","0","0","9847.98",".7926","0","0",".036",".004356",".752244","0","0","0","9847.23","0","0","9848.0226","","PRODUCTION","1.01","ENERGIZER HOLDINGS INC","133184171"
"2017","05478BRTKN110LA","110000496124","MYLAN TECHNOLOGIES INC","110 LAKE ST","SAINT ALBANS","FRANKLIN","VT","05478","","","44.81097","-73.08772","NO","322","Paper","","","","","","","322220","","","","","","1317216340947","TOLUENE","000108883","25452","YES","TRI","NO","0","NO","R","Pounds","628","738","0","0","0","0","0","0","0","0","0","0","0","0","1366","0","0","0","0","0","0","0","0","0","0","0","0","0","0","0","0","0","0","0","0","0","0","0","0","0","0","0","0","0","13056","0","13056","0","0","0","0","0","0","0","0","13056","1366","0","0","1366","0","0","0","12735","0","0","23013","0","37114","321","PRODUCTION",".6","MYLAN INC","059298141"
"2017","05201VRDYB401GA","110000314758","ENERGIZER MANUFACTURING INC","401 GAGE ST","BENNINGTON","BENNINGTON","VT","05201","","","42.88153","-73.19139","NO","335","Electrical Equipment","","","","","","","335912","","","","","","1317215939137","TRICHLOROETHYLENE","000079016","7526","YES","TRI","NO","0","YES","R","Pounds","0","11.115","0","0","0","0","0","0","0","0","0","0","0","0","11.115","0","0","0","0","0","0","0","0","0","0","0","0","0","0","0","0","0","0","0","0","0","0","0","50597","0","0","0","0","50597","0","0","0","0","157.38","0","0","0","0","157.38","0","50754.38","11.115","0","0","11.115","0","0","0","0","0","50597","0","157.38","50765.495","","PRODUCTION","1.01","ENERGIZER HOLDINGS INC","133184171"
"2017","05764FRSTL212ID","110005299998","FIRST LIGHT TECHNOLOGIES INC","212 IDEAL WAY","POULTNEY","RUTLAND","VT","05764","","","43.51995","-73.23545","NO","335","Electrical Equipment","","","","","","","335110","","","","","","1317216065502","ISOPROPYL ALCOHOL (MANUFACTURING,STRONG-ACID PROCESS ONLY,NO SUPPLIER)","000067630","4291","NO","TRI","NO","0","NO","R","Pounds","0","0","0","0","0","0","0","0","0","0","0","0","0","50","50","0","0","0","0","0","0","0","0","0","0","0","0","0","0","0","0","0","0","0","0","0","0","0","0","0","0","0","0","0","0","0","0","0","0","0","0","0","0","0","0","0","50","0","0","50","0","0","0","0","0","0","0","0","50","","PRODUCTION","1","NA",""
"2017","0575WKLWTC238IN","110005298800","KALOW TECHNOLOGIES","238 INNOVATION DR","NORTH CLARENDON","RUTLAND","VT","05759","","","43.52549","-72.95507","NO","339","Miscellaneous Manufacturing","","","","","","","339999","","","","","","1317215935848","DIISOCYANATES","N120","649715","YES","TRI","NO","0","NO","A","Pounds","0","0","0","0","0","0","0","0","0","0","0","0","0","0","0","0","0","0","0","0","0","0","0","0","0","0","0","0","0","0","0","0","0","0","0","0","0","0","0","0","0","0","0","0","0","0","0","0","0","0","0","0","0","0","0","0","0","0","0","0","0","0","0","0","0","0","0","0","0","0","","0","RED DEER CAPITAL LLC","NA"
"2017","05402GSBLD50LAK","110000314794","BLODGETT OVEN CO","50 LAKESIDE AVE","BURLINGTON","CHITTENDEN","VT","05401","","","44.46113","-73.21987","NO","333","Machinery","","","","","","","333318","","","","","","1317216669729","CHROMIUM","007440473","150060","YES","TRI","YES","1","NO","A","Pounds","0","0","0","0","0","0","0","0","0","0","0","0","0","0","0","0","0","0","0","0","0","0","0","0","0","0","0","0","0","0","0","0","0","0","0","0","0","0","0","0","0","0","0","0","0","0","0","0","0","0","0","0","0","0","0","0","0","0","0","0","0","0","0","0","0","0","0","0","0","0","","0","THE MIDDELBY CORP","107636953"
"2017","05830NNBTTBAXTE","110000314954","TIVOLY INC","434 BAXTER AVE","DERBY LINE","ORLEANS","VT","05830","","","45.00411","-72.10736","NO","333","Machinery","","","","","","","333515","","","","","","1317216100471","BENZO(G,H,I)PERYLENE","000191242","40576","YES","PBT","NO","0","NO","R","Pounds","0","21","0","0","0","0","0","0","0","0","0","0","0","0","21","0","0","0","0","0","0","0","0","0","0","0","0","0","0","0","0","0","0","0","0","0","0","0","0","0","0","0","0","0","0","0","0","0","0","0","0","0","0","0","0","0","21","0","0","21","0","0","0","0","0","0","0","0","21","","PRODUCTION","1.2","NA",""
"2017","05647CBTFRBOX12","110000314892","CABOT CREAMERY","2878 MAIN ST","CABOT","WASHINGTON","VT","05647","","","44.400984","-72.313681","NO","311","Food","","","","","","","311513","","","","","","1317216246088","NITRATE COMPOUNDS","N511","649616","NO","TRI","NO","0","NO","R","Pounds","0","0","0","0","0","0","0","0","0","0","0","0","0","0","0","0","0","0","0","0","0","0","0","0","0","0","0","0","0","0","0","0","0","56603","0","0","0","56603","0","0","0","0","0","0","0","0","0","0","0","0","0","0","0","0","0","56603","56603","0","0","0","0","56603","0","0","0","0","0","0","56603","","ACTIVITY","1.02","AGRI-MARK INC","001719893"
"2017","05647CBTFRBOX12","110000314892","CABOT CREAMERY","2878 MAIN ST","CABOT","WASHINGTON","VT","05647","","","44.400984","-72.313681","NO","311","Food","","","","","","","311513","","","","","","1317216246090","NITRIC ACID","007697372","152686","NO","TRI","NO","0","NO","R","Pounds","5","5","0","0","0","0","0","0","0","0","0","0","0","0","10","0","0","0","0","0","0","0","0","0","0","0","0","0","0","0","0","0","0","0","0","0","0","0","0","0","0","0","0","0","0","0","0","0","0","0","0","0","0","0","0","0","10","0","0","10","0","0","0","0","0","0","57570","0","57580","","ACTIVITY","1.02","AGRI-MARK INC","001719893"
"2017","0573WPKNDS2275R","110008211363","PIKE INDUSTRIES INC - DANBY (C613 & P733)","2275 ROUTE 7","DANBY","RUTLAND","VT","05739","","","43.325795","-72.991311","NO","324","Petroleum","","","","","","","324121","","","","","","1317216156986","BENZO(G,H,I)PERYLENE","000191242","40576","YES","PBT","NO","0","NO","R","Pounds","0","0","0","0","0","0","0","0","0","0","0","0","0","0","0","0","0","0","0","0","0","0","0","0","0","0","0","0","0","0","0","0","0","0","0","0","0","0","0","0","0","0","0","0","0","0","0","0","0","0","0","0","0","0","0","0","0","0","0","0","0","0","0","0","0","0","0","0","0","","PRODUCTION","0","OLDCASTLE INC","037176591"
"2017","05101WHTNYINDUS","110007400936","WHITNEY BLAKE CO","20 INDUSTRIAL DR","BELLOWS FALLS","WINDHAM","VT","05101","","","43.162502","-72.45625","NO","335","Electrical Equipment","","","","","","","335931","","","","","","1317216035081","LEAD COMPOUNDS","N420","650002","YES","PBT","YES","1","NO","R","Pounds","0",".11","0","0","0","0","0","0","0","0","0","0","0","0",".11","0","0","0","0","0","0","0","0","0","0","0","0","0","0","0","0","0","0","0","0","0","0","0","0","0","0","0","17.3","17.3","0","0","0","0","0","0","0","0","0","0","0","17.3",".11","0","0",".11","0","0","0","0","0","17.3","0","0","17.41","","PRODUCTION","1","NA",""
"2017","0547WPKNDS326CA","110007329275","PIKE INDUSTRIES INC - NEW HAVEN (C600 & P736)","326 CAMPGROUND ROAD","NEW HAVEN","ADDISON","VT","05472","","","44.08574","-73.18221","NO","324","Petroleum","","","","","","","324121","","","","","","1317216354530","POLYCYCLIC AROMATIC COMPOUNDS","N590","649749","YES","PBT","NO","0","YES","R","Pounds",".2","2.5","0","0","0","0","0","0","0","0","0","0","0","0","2.7","0","0","0","0","0","0","0","0","0","0","0","0","0","0","0","0","0","0","0","0","0","0","0","0","0","0","0","0","0","0","0","0","0","0","0","0","0","0","0","0","0","2.7","0","0","2.7","0","0","0","0","0","0","0","0","2.7","","PRODUCTION","1.3","CRH AMERICAS INC","037176591"
"2017","05476BLSLFELEVA","110000581576","KENT NUTRITION GROUP INC","1 WEBSTER ST","RICHFORD","FRANKLIN","VT","05476","","","45.00148","-72.66306","NO","311","Food","","","","","","","311119","311111","","","","","1317215836949","ZINC COMPOUNDS","N982","649699","NO","TRI","YES","1","NO","A","Pounds","0","0","0","0","0","0","0","0","0","0","0","0","0","0","0","0","0","0","0","0","0","0","0","0","0","0","0","0","0","0","0","0","0","0","0","0","0","0","0","0","0","0","0","0","0","0","0","0","0","0","0","0","0","0","0","0","0","0","0","0","0","0","0","0","0","0","0","0","0","0","","0","KENT CORP","005269923"
"2017","05468WYTHNGEORG","110017405618","PERRIGO NUTRITIONALS","147 INDUSTRIAL PARK RD","GEORGIA","FRANKLIN","VT","05468","","","44.69723","-73.09765","NO","311","Food","","","","","","","311514","","","","","","1317215856345","NITRATE COMPOUNDS","N511","649616","NO","TRI","NO","0","NO","R","Pounds","0","0","804.21","0","0","0","0","0","0","0","0","0","0","0","804.21","0","0","0","0","0","0","0","0","0","0","0","0","0","0","0","0","0","0","0","0","0","0","0","0","0","0","0","0","0","0","0","0","0","0","0","0","0","0","0","0","0","804.21","0","0","804.21","0","0","0","0","0","0","79617.23","0","80421.44","","PRODUCTION","1.05","PERRIGO CO","NA"
"2017","0515WSRMYNARMRY","110055497519","US ARMY NATIONAL GUARD WESTMINSTER TRAINING SITE (RANGE)","ARMORY LANE","WESTMINSTER","WINDHAM","VT","05158","","","43.08355","-72.44916","YES","999","Other","","","","","","","928110","","","","","","1317216117299","LEAD","007439921","149583","YES","PBT","YES","1","YES","R","Pounds","0","0","0","0","0","0","0","0","0","0","0","0","0","4.62","4.62","0","0","0","0","0","0","0","0","0","0","0","0","0","0","0","0","0","0","0","0","0","0","0","0","0","0","0","0","0","0","0","0","0","0","0","0","0","0","0","0","0","4.62","0","0","4.62","0","0","0","0","0","0","0","0","4.62","","ACTIVITY","1.3","US DEPARTMENT OF DEFENSE","NA"
"2017","05478STLBN140FE","110000314865","ST ALBANS COOPERATIVE CREAMERY INC","140 FEDERAL ST","SAINT ALBANS","FRANKLIN","VT","05478","","","44.81563","-73.08485","NO","311","Food","","","","","","","311511","","","","","","1317215930090","NITRATE COMPOUNDS","N511","649616","NO","TRI","NO","0","NO","R","Pounds","0","0","0","0","0","0","0","0","0","0","0","0","0","0","0","0","0","0","0","0","0","0","0","0","0","0","0","0","0","0","0","0","0","0","0","0","0","0","0","0","0","0","0","0","0","0","0","0","0","0","0","0","0","0","0","0","0","0","0","0","0","0","0","0","0","0","87472.6","0","87472.6","","PRODUCTION","1.8","NA",""
"2017","0549WPKNDS346AV","110043670113","PIKE INDUSTRIES INC - WILLISTON VT (P800)","346 AVENUE A","WILLISTON","CHITTENDEN","VT","05495","","","44.462548","-73.132757","NO","324","Petroleum","","","","","","","324121","","","","","","1317216241428","POLYCYCLIC AROMATIC COMPOUNDS","N590","649749","YES","PBT","NO","0","YES","R","Pounds",".4","4.5","0","0","0","0","0","0","0","0","0","0","0","0","4.9","0","0","0","0","0","0","0","0","0","0","0","0","0","0","0","0","0","0","0","0","0","0","0","0","0","0","0",".2",".2","0","0","0","0","0","0","0","0","0","0","0",".2","4.9","0","0","4.9","0","0","0","0","0",".2","0","0","5.1","","PRODUCTION","1.4","CRH AMERICAS INC","037176591"
"2017","0549WPKNDS346AV","110043670113","PIKE INDUSTRIES INC - WILLISTON VT (P800)","346 AVENUE A","WILLISTON","CHITTENDEN","VT","05495","","","44.462548","-73.132757","NO","324","Petroleum","","","","","","","324121","","","","","","1317216241404","BENZO(G,H,I)PERYLENE","000191242","40576","YES","PBT","NO","0","NO","R","Pounds","0","0","0","0","0","0","0","0","0","0","0","0","0","0","0","0","0","0","0","0","0","0","0","0","0","0","0","0","0","0","0","0","0","0","0","0","0","0","0","0","0","0","0","0",".1","0",".1","0","0","0","0","0","0","0","0",".1","0","0","0","0","0","0","0",".1","0","0","0","0",".1","","PRODUCTION","1.4","CRH AMERICAS INC","037176591"
"2017","0549WPKNDS346AV","110043670113","PIKE INDUSTRIES INC - WILLISTON VT (P800)","346 AVENUE A","WILLISTON","CHITTENDEN","VT","05495","","","44.462548","-73.132757","NO","324","Petroleum","","","","","","","324121","","","","","","1317216241416","LEAD","007439921","149583","YES","PBT","YES","1","YES","R","Pounds","0","0","0","0","0","0","0","0","0","0","0","0","0","0","0","0","0","0","0","0","0","0","0","0","0","0","0","0","0","0","0","0","0","0","0","0","0","0","0","0","0","0",".5",".5","0","0","0","0","0","0","0","0","0","0","0",".5","0","0","0","0","0","0","0","0","0",".5","0","0",".5","","PRODUCTION","1.4","CRH AMERICAS INC","037176591"
"2017","05201VRDYB401GA","110000314758","ENERGIZER MANUFACTURING INC","401 GAGE ST","BENNINGTON","BENNINGTON","VT","05201","","","42.88153","-73.19139","NO","335","Electrical Equipment","","","","","","","335912","","","","","","1317215939113","MANGANESE COMPOUNDS","N450","650010","YES","TRI","YES","1","NO","R","Pounds","0",".014","0","0","0","0","0","0","0","0","0","0","0","0",".014",".0026","0",".0026","0","0","0","0","0","0","0","0","0","0","0","0","0","0","0","0","0","70.13","0","70.1326","0","12176.59","0","0","0","12176.59","0","0","0","0","0","0","0","0","0","0","0","12246.72","70.1466","0","0",".014",".001014","70.131586","0","0","0","12176.59","0","0","12246.7366","","PRODUCTION","1.01","ENERGIZER HOLDINGS INC","133184171"
"2017","0573WPKNDS2275R","110008211363","PIKE INDUSTRIES INC - DANBY (C613 & P733)","2275 ROUTE 7","DANBY","RUTLAND","VT","05739","","","43.325795","-72.991311","NO","324","Petroleum","","","","","","","324121","","","","","","1317216157014","LEAD","007439921","149583","YES","PBT","YES","1","YES","R","Pounds","0","0","0","0","0","0","0","0","0","0","0","0","0","0","0","0","0","0","0","0","0","0","0","0","0","0","0","0","0","0","0","0","0","0","0","0","0","0","0","0","0","0","0","0","0","0","0","0","0","0","0","0","0","0","0","0","0","0","0","0","0","0","0","0","0","0","0","0","0","","","","OLDCASTLE INC","037176591"
"2017","05753CBTGR100EX","110040608205","AGRI-MARK INC","869 EXCHANGE ST","MIDDLEBURY","ADDISON","VT","05753","","","44.03105","-73.17078","NO","311","Food","","","","","","","311513","311514","","","","","1317217429962","NITRIC ACID","007697372","152686","NO","TRI","NO","0","NO","R","Pounds","5","5","0","0","0","0","0","0","0","0","0","0","0","0","10","0","0","0","0","0","0","0","0","0","0","0","0","0","0","0","0","0","0","0","0","0","0","0","0","0","0","0","0","0","0","0","0","0","0","0","0","0","0","0","0","0","10","0","0","10","0","0","0","0","0","0","48588","0","48598","","PRODUCTION","1.16","NA",""
"2017","0573WPKNDS2275R","110008211363","PIKE INDUSTRIES INC - DANBY (C613 & P733)","2275 ROUTE 7","DANBY","RUTLAND","VT","05739","","","43.325795","-72.991311","NO","324","Petroleum","","","","","","","324121","","","","","","1317216157040","POLYCYCLIC AROMATIC COMPOUNDS","N590","649749","YES","PBT","NO","0","YES","R","Pounds",".1","0","0","0","0","0","0","0","0","0","0","0","0","0",".1","0","0","0","0","0","0","0","0","0","0","0","0","0","0","0","0","0","0","0","0","0","0","0","0","0","0","0","0","0","0","0","0","0","0","0","0","0","0","0","0","0",".1","0","0",".1","0","0","0","0","0","0","0","0",".1","","PRODUCTION","0","OLDCASTLE INC","037176591"
"2017","05485BSCSCMILLS","110007328490","WESTROCK CONVERTING LLC","369 MILL ST","SHELDON SPRINGS","FRANKLIN","VT","05485","","","44.909945","-72.976094","NO","322","Paper","","","","","","","322130","","","","","","1317216053532","POLYCYCLIC AROMATIC COMPOUNDS","N590","649749","YES","PBT","NO","0","YES","R","Pounds","0","0","0","0","0","0","0","0","0","0","0","0","0","0","0","0","0","0","0","0","0","0","0","0","0","0","0","0","0","0","0","0","0","0","0","0","0","0","0","0","0","0","0","0","0","0","0","0","0","0","0","0","0","0","0","0","0","0","0","0","0","0","0","0","0","0","0","0","0","","PRODUCTION",".99","WESTROCK CO","081092578"
"2017","05764FRSTL212ID","110005299998","FIRST LIGHT TECHNOLOGIES INC","212 IDEAL WAY","POULTNEY","RUTLAND","VT","05764","","","43.51995","-73.23545","NO","335","Electrical Equipment","","","","","","","335110","","","","","","1317216078648","LEAD COMPOUNDS","N420","650002","YES","PBT","YES","1","NO","R","Pounds","0","0","0","0","0","0","0","0","0","0","0","0","0","0","0","0","0","0","0","0","0","0","0","0","0","0","0","0","0","0","0","0","0","0","0","0","0","0","0","0","0","0","0","0","0","0","0","0","0","0","0","0","0","0","0","0","0","0","0","0","0","0","0","0","0","0","0","0","0","","PRODUCTION","1","NA",""
"2017","05764FRSTL212ID","110005299998","FIRST LIGHT TECHNOLOGIES INC","212 IDEAL WAY","POULTNEY","RUTLAND","VT","05764","","","43.51995","-73.23545","NO","335","Electrical Equipment","","","","","","","335110","","","","","","1317216065007","MERCURY","007439976","149633","YES","PBT","YES","1","NO","R","Pounds",".24828","0","0","0","0","0","0","0","0","0","0","0","0","0",".24828","0","0","0","0","0","0","0","0","0","0","0","0","0","0","0","0","0","0","0","0","0","0","0","0","3.489","0","0","0","3.489","0","0","0","0","0","0","0","0","0","0","0","3.489",".24828","0","0",".24828","0","0","0","0","0","3.489","0","0","3.73728","","PRODUCTION","1.03","NA",""
"2017","05468WYTHNGEORG","110017405618","PERRIGO NUTRITIONALS","147 INDUSTRIAL PARK RD","GEORGIA","FRANKLIN","VT","05468","","","44.69723","-73.09765","NO","311","Food","","","","","","","311514","","","","","","1317215856358","NITRIC ACID","007697372","152686","NO","TRI","NO","0","NO","R","Pounds","0","0","0","0","0","0","0","0","0","0","0","0","0","0","0","0","0","0","0","0","0","0","0","0","0","0","0","0","0","0","0","0","0","0","0","0","0","0","0","0","0","0","0","0","0","0","0","0","0","0","0","0","0","0","0","0","0","0","0","0","0","0","0","0","0","0","81704.7","0","81704.7","","PRODUCTION","1.05","PERRIGO CO","NA"
"2017","05346PTNYPOLDDE","110008053827","SOUNDVIEW VERMONT HOLDINGS LLC","MAIN ST","PUTNEY","WINDHAM","VT","05346","","","42.96323","-72.52188","NO","322","Paper","","","","","","","322121","","","","","","1317216632303","POLYCYCLIC AROMATIC COMPOUNDS","N590","649749","YES","PBT","NO","0","YES","R","Pounds","0",".00095","0","0","0","0","0","0","0","0","0","0","0","0",".00095","0","0","0","0","0","0","0","0","0","0","0","0","0","0","0","0","0","0","0","0","0","0","0","0","0","0","0","0","0","0","0","0","0","0","0","0","0","0","0","0","0",".00095","0","0",".00095","0","0","0","0","0","0","0","0",".00095","","PRODUCTION","1","NA",""
"2017","05860RLNSDRAILR","110012499787","ETHAN ALLEN OPERATIONS INC ORLEANS DIV","27 RAILROAD AVE","ORLEANS","ORLEANS","VT","05860","","","44.8083","-72.20305","NO","337","Furniture","","","","","","","337122","","","","","","1317215903473","LEAD COMPOUNDS","N420","650002","YES","PBT","YES","1","NO","R","Pounds","0","3.271","0","0","0","0","0","0","0","0","0","0","0","0","3.271","0","0","0","0","0","0","0","0","0","0","0","0","0","0","0","0","0","0","0","0","0","0","0","0","0","0","0","0","0","0","0","0","0","0","0","0","0","0","0","0","0","3.271","0","0","3.271","0","0","0","0","0","0","0","0","3.271","","PRODUCTION",".98","ETHAN ALLEN OPERATIONS INC","001213545"
"2017","0547WPKNDS326CA","110007329275","PIKE INDUSTRIES INC - NEW HAVEN (C600 & P736)","326 CAMPGROUND ROAD","NEW HAVEN","ADDISON","VT","05472","","","44.08574","-73.18221","NO","324","Petroleum","","","","","","","324121","","","","","","1317216354516","BENZO(G,H,I)PERYLENE","000191242","40576","YES","PBT","NO","0","NO","R","Pounds","0","0","0","0","0","0","0","0","0","0","0","0","0","0","0","0","0","0","0","0","0","0","0","0","0","0","0","0","0","0","0","0","0","0","0","0","0","0","0","0","0","0","0","0","0","0","0","0","0","0","0","0","0","0","0","0","0","0","0","0","0","0","0","0","0","0","0","0","0","","PRODUCTION","1.3","CRH AMERICAS INC","037176591"
"2017","05476BLSLFELEVA","110000581576","KENT NUTRITION GROUP INC","1 WEBSTER ST","RICHFORD","FRANKLIN","VT","05476","","","45.00148","-72.66306","NO","311","Food","","","","","","","311119","311111","","","","","1317215836937","MANGANESE COMPOUNDS","N450","650010","YES","TRI","YES","1","NO","A","Pounds","0","0","0","0","0","0","0","0","0","0","0","0","0","0","0","0","0","0","0","0","0","0","0","0","0","0","0","0","0","0","0","0","0","0","0","0","0","0","0","0","0","0","0","0","0","0","0","0","0","0","0","0","0","0","0","0","0","0","0","0","0","0","0","0","0","0","0","0","0","0","","0","KENT CORP","005269923"
"2017","05485BSCSCMILLS","110007328490","WESTROCK CONVERTING LLC","369 MILL ST","SHELDON SPRINGS","FRANKLIN","VT","05485","","","44.909945","-72.976094","NO","322","Paper","","","","","","","322130","","","","","","1317216053557","CHLORINE DIOXIDE","010049044","167296","NO","TRI","NO","0","NO","A","Pounds","0","0","0","0","0","0","0","0","0","0","0","0","0","0","0","0","0","0","0","0","0","0","0","0","0","0","0","0","0","0","0","0","0","0","0","0","0","0","0","0","0","0","0","0","0","0","0","0","0","0","0","0","0","0","0","0","0","0","0","0","0","0","0","0","0","0","0","0","0","0","","0","WESTROCK CO","081092578"
"2017","05753CBTGR100EX","110040608205","AGRI-MARK INC","869 EXCHANGE ST","MIDDLEBURY","ADDISON","VT","05753","","","44.03105","-73.17078","NO","311","Food","","","","","","","311513","311514","","","","","1317215835149","PROPYLENE","000115071","29009","NO","TRI","NO","0","NO","R","Pounds","0","0","0","0","0","0","0","0","0","0","0","0","0","0","0","0","0","0","0","0","0","0","0","0","0","0","0","0","0","0","0","0","0","0","0","0","0","0","0","0","0","0","0","0","0","0","0","0","0","0","0","0","0","0","0","0","0","0","0","0","0","0","0","0","0","0","0","0","0","","PRODUCTION","1.16","NA",""
"2017","0581WPKNDS2884D","110010911834","PIKE INDUSTRIES INC - WATERFORD VT (P702 & C603)","2884 DUCK POND ROAD","WATERFORD","CALEDONIA","VT","05819","","","44.37492","-71.95161","NO","324","Petroleum","","","","","","","324121","","","","","","1317216156974","BENZO(G,H,I)PERYLENE","000191242","40576","YES","PBT","NO","0","NO","R","Pounds","0","0","0","0","0","0","0","0","0","0","0","0","0","0","0","0","0","0","0","0","0","0","0","0","0","0","0","0","0","0","0","0","0","0","0","0","0","0","0","0","0","0","0","0","0","0","0","0","0","0","0","0","0","0","0","0","0","0","0","0","0","0","0","0","0","0","0","0","0","","PRODUCTION",".94","CRH AMERICAS INC","037176591"
"2017","05402GSBLD50LAK","110000314794","BLODGETT OVEN CO","50 LAKESIDE AVE","BURLINGTON","CHITTENDEN","VT","05401","","","44.46113","-73.21987","NO","333","Machinery","","","","","","","333318","","","","","","1317216669717","NICKEL","007440020","149674","YES","TRI","YES","1","YES","A","Pounds","0","0","0","0","0","0","0","0","0","0","0","0","0","0","0","0","0","0","0","0","0","0","0","0","0","0","0","0","0","0","0","0","0","0","0","0","0","0","0","0","0","0","0","0","0","0","0","0","0","0","0","0","0","0","0","0","0","0","0","0","0","0","0","0","0","0","0","0","0","0","","0","THE MIDDELBY CORP","107636953"
"2017","05488CRGLL100JO","110005293486","CARGILL FEED & NUTRITION SWANTON","149 JONERGIN DR","SWANTON","FRANKLIN","VT","05488","","","44.929501","-73.129891","NO","311","Food","","","","","","","311119","","","","","","1317216283503","ZINC COMPOUNDS","N982","649699","NO","TRI","YES","1","NO","A","Pounds","0","0","0","0","0","0","0","0","0","0","0","0","0","0","0","0","0","0","0","0","0","0","0","0","0","0","0","0","0","0","0","0","0","0","0","0","0","0","0","0","0","0","0","0","0","0","0","0","0","0","0","0","0","0","0","0","0","0","0","0","0","0","0","0","0","0","0","0","0","0","","0","CARGILL INC","006249189"
"2017","0581WPKNDS2884D","110010911834","PIKE INDUSTRIES INC - WATERFORD VT (P702 & C603)","2884 DUCK POND ROAD","WATERFORD","CALEDONIA","VT","05819","","","44.37492","-71.95161","NO","324","Petroleum","","","","","","","324121","","","","","","1317216157002","LEAD","007439921","149583","YES","PBT","YES","1","YES","R","Pounds","0","0","0","0","0","0","0","0","0","0","0","0","0","0","0","0","0","0","0","0","0","0","0","0","0","0","0","0","0","0","0","0","0","0","0","0","0","0","0","0",".3","0","0",".3","0","0","0","0","0","0","0","0","0","0","0",".3","0","0","0","0","0","0","0","0","0",".3","0","0",".3","","PRODUCTION",".94","CRH AMERICAS INC","037176591"
"2017","05478GWYNC79WAL","110038242835","AGWAY INC ST ALBANS FEED MILL","79 WALNUT ST","SAINT ALBANS","FRANKLIN","VT","05478","","","44.816796","-73.097341","NO","311","Food","","","","","","","311119","","","","","","1317216271320","SELENIUM COMPOUNDS","N725","650044","YES","TRI","YES","1","NO","A","Pounds","0","0","0","0","0","0","0","0","0","0","0","0","0","0","0","0","0","0","0","0","0","0","0","0","0","0","0","0","0","0","0","0","0","0","0","0","0","0","0","0","0","0","0","0","0","0","0","0","0","0","0","0","0","0","0","0","0","0","0","0","0","0","0","0","0","0","0","0","0","0","","0","LAND O LAKES INC","078796648"
"2017","05478GWYNC79WAL","110038242835","AGWAY INC ST ALBANS FEED MILL","79 WALNUT ST","SAINT ALBANS","FRANKLIN","VT","05478","","","44.816796","-73.097341","NO","311","Food","","","","","","","311119","","","","","","1317216271344","COBALT COMPOUNDS","N096","649970","YES","TRI","YES","1","NO","A","Pounds","0","0","0","0","0","0","0","0","0","0","0","0","0","0","0","0","0","0","0","0","0","0","0","0","0","0","0","0","0","0","0","0","0","0","0","0","0","0","0","0","0","0","0","0","0","0","0","0","0","0","0","0","0","0","0","0","0","0","0","0","0","0","0","0","0","0","0","0","0","0","","0","LAND O LAKES INC","078796648"
"2017","05478GWYNC79WAL","110038242835","AGWAY INC ST ALBANS FEED MILL","79 WALNUT ST","SAINT ALBANS","FRANKLIN","VT","05478","","","44.816796","-73.097341","NO","311","Food","","","","","","","311119","","","","","","1317216271357","MANGANESE COMPOUNDS","N450","650010","YES","TRI","YES","1","NO","A","Pounds","0","0","0","0","0","0","0","0","0","0","0","0","0","0","0","0","0","0","0","0","0","0","0","0","0","0","0","0","0","0","0","0","0","0","0","0","0","0","0","0","0","0","0","0","0","0","0","0","0","0","0","0","0","0","0","0","0","0","0","0","0","0","0","0","0","0","0","0","0","0","","0","LAND O LAKES INC","078796648"
"2017","05478GWYNC79WAL","110038242835","AGWAY INC ST ALBANS FEED MILL","79 WALNUT ST","SAINT ALBANS","FRANKLIN","VT","05478","","","44.816796","-73.097341","NO","311","Food","","","","","","","311119","","","","","","1317216271332","ZINC COMPOUNDS","N982","649699","NO","TRI","YES","1","NO","A","Pounds","0","0","0","0","0","0","0","0","0","0","0","0","0","0","0","0","0","0","0","0","0","0","0","0","0","0","0","0","0","0","0","0","0","0","0","0","0","0","0","0","0","0","0","0","0","0","0","0","0","0","0","0","0","0","0","0","0","0","0","0","0","0","0","0","0","0","0","0","0","0","","0","LAND O LAKES INC","078796648"
"2017","05478GWYNC79WAL","110038242835","AGWAY INC ST ALBANS FEED MILL","79 WALNUT ST","SAINT ALBANS","FRANKLIN","VT","05478","","","44.816796","-73.097341","NO","311","Food","","","","","","","311119","","","","","","1317216271318","COPPER COMPOUNDS","N100","649491","NO","TRI","YES","1","NO","A","Pounds","0","0","0","0","0","0","0","0","0","0","0","0","0","0","0","0","0","0","0","0","0","0","0","0","0","0","0","0","0","0","0","0","0","0","0","0","0","0","0","0","0","0","0","0","0","0","0","0","0","0","0","0","0","0","0","0","0","0","0","0","0","0","0","0","0","0","0","0","0","0","","0","LAND O LAKES INC","078796648"
"2017","05819HVWDMUSROU","110000314945","WEIDMANN ELECTRICAL TECHNOLOGY INC","1 GORDON MILLS WAY","SAINT JOHNSBURY","CALEDONIA","VT","05819","","","44.48239","-72.01343","NO","322","Paper","","","","","","","322130","","","","","","1317215939618","POLYCYCLIC AROMATIC COMPOUNDS","N590","649749","YES","PBT","NO","0","YES","R","Pounds","0",".0002","0","0","0","0","0","0","0","0","0","0","0","0",".0002","0","0","0","0","0","0","0","0","0","0","0","0","0","0","0","0","0","0","0","0","0","0","0","0","0","0","0","0","0","0","0","0","0","0","0","0","0","0","0","0","0",".0002","0","0",".0002","0","0","0","0","0","0","0","0",".0002","","PRODUCTION","1.05","WICOR AMERICAS INC","101177947"
"2017","05201TNSTRWESTR","110007400963","TANSITOR ELECTRONICS INC","2813 W RD","BENNINGTON","BENNINGTON","VT","05201","","","42.877781","-73.266669","NO","334","Computers and Electronic Products","","","","","","","334416","","","","","","1317215989714","ETHYLENE GLYCOL","000107211","24257","YES","TRI","NO","0","NO","R","Pounds","0","246","0","0","0","0","0","0","0","0","0","0","0","0","246","0","0","0","0","0","0","0","0","0","0","0","0","0","0","0","0","13144","0","0","0","0","0","13144","0","0","0","0","0","0","0","0","0","0","0","0","0","0","0","0","0","13144","13390","0","0","246","13144","0","0","0","0","0","0","0","13390","","PRODUCTION",".71","VISHAY INTERTECHNOLOGY INC","NA"
"2017","05819HVWDMUSROU","110000314945","WEIDMANN ELECTRICAL TECHNOLOGY INC","1 GORDON MILLS WAY","SAINT JOHNSBURY","CALEDONIA","VT","05819","","","44.48239","-72.01343","NO","322","Paper","","","","","","","322130","","","","","","1317215939606","BENZO(G,H,I)PERYLENE","000191242","40576","YES","PBT","NO","0","NO","R","Pounds","0","0","0","0","0","0","0","0","0","0","0","0","0","0","0","0","0","0","0","0","0","0","0","0","0","0","0","0","0","0","0","0","0","0","0","0","0","0","0","0","0","0","0","0","0","0","0","0","0","0","0","0","0","0","0","0","0","0","0","0","0","0","0","0","0","0","0","0","0","","PRODUCTION","1.05","WICOR AMERICAS INC","101177947"
"2017","05201TNSTRWESTR","110007400963","TANSITOR ELECTRONICS INC","2813 W RD","BENNINGTON","BENNINGTON","VT","05201","","","42.877781","-73.266669","NO","334","Computers and Electronic Products","","","","","","","334416","","","","","","1317215989702","1-BROMOPROPANE","000106945","23994","NO","TRI","NO","0","NO","R","Pounds","5","880","0","0","0","0","0","0","0","0","0","0","0","0","885","0","0","0","0","0","0","0","0","0","0","0","0","0","0","0","0","0","0","0","0","0","0","0","301","0","0","0","0","301","0","0","0","0","0","0","0","0","0","0","0","301","885","0","0","885","0","0","0","0","0","301","0","0","1186","","PRODUCTION",".71","VISHAY INTERTECHNOLOGY INC","NA"
"2017","05201TNSTRWESTR","110007400963","TANSITOR ELECTRONICS INC","2813 W RD","BENNINGTON","BENNINGTON","VT","05201","","","42.877781","-73.266669","NO","334","Computers and Electronic Products","","","","","","","334416","","","","","","1317215989726","LEAD COMPOUNDS","N420","650002","YES","PBT","YES","1","NO","R","Pounds","0","0","0","0","0","0","0","0","0","0","0","0","0","0","0","0","0","0","0","0","0","0","0","0","0","0","0","0","0","0","0","0","0","0","0","0","0","0","0","189","0","0","0","189","0","0","0","0","0","0","0","0","0","0","0","189","0","0","0","0","0","0","0","0","0","189","0","0","189","","PRODUCTION",".71","VISHAY INTERTECHNOLOGY INC","NA"
"2017","05301CBRDLQUINN","110039145092","CE BRADLEY LABORATORIES INC","55 BENNETT DR","BRATTLEBORO","WINDHAM","VT","05301","","","42.89601","-72.54927","NO","325","Chemicals","","","","","","","325510","","","","","","1317216341988","1,2,4-TRIMETHYLBENZENE","000095636","16261","NO","TRI","NO","0","NO","R","Pounds","75","0","0","0","0","0","0","0","0","0","0","0","0","0","75","0","0","0","0","0","0","0","0","0","0","0","0","0","0","0","0","0","0","0","0","0","0","0","0","0","0","0","0","0","0","0","0","0","0","60","0","0","0","60","0","60","75","0","0","75","0","0","0","0","1802","0","0","60","1937","","ACTIVITY",".78","NA",""
"2017","05701GNRLL210CO","110000314909","GE AVIATION PLANT 1","210 COLUMBIAN AVE","RUTLAND","RUTLAND","VT","05701","","","43.606542","-72.993231","NO","336","Transportation Equipment","","","","","","","336412","","","","","","1317215989664","CHROMIUM","007440473","150060","YES","TRI","YES","1","NO","R","Pounds","0","0","0","0","0","0","0","0","0","0","0","0","0","0","0","5","0","5","0","0","21","0","0","0","0","0","0","0","0","0","34","0","0","0","0","3105","0","3165","0","0","0","0","420","420","0","0","0","0","0","0","0","0","0","0","0","3580","3165","0","0","0","34","3100","0","0","0","420","0","0","3554","","PRODUCTION",".93","GENERAL ELECTRIC CO (GE CO)","001367960"
"2017","05819HVWDMUSROU","110000314945","WEIDMANN ELECTRICAL TECHNOLOGY INC","1 GORDON MILLS WAY","SAINT JOHNSBURY","CALEDONIA","VT","05819","","","44.48239","-72.01343","NO","322","Paper","","","","","","","322130","","","","","","1317215939620","STYRENE","000100425","19414","YES","TRI","NO","0","YES","R","Pounds","0","7555.43","0","0","0","0","0","0","0","0","0","0","0","0","7555.43","0","0","0","0","0","0","0","0","0","0","0","0","0","0","0","0","0","0","0","0","0","0","0","0","0","0","0","0","0","0","0","0","0","0","0","0","0","0","0","0","0","7555.43","0","0","7555.43","0","0","0","0","0","0","0","0","7555.43","","PRODUCTION","1.05","WICOR AMERICAS INC","101177947"
"2017","05301CBRDLQUINN","110039145092","CE BRADLEY LABORATORIES INC","55 BENNETT DR","BRATTLEBORO","WINDHAM","VT","05301","","","42.89601","-72.54927","NO","325","Chemicals","","","","","","","325510","","","","","","1317216342028","TOLUENE","000108883","25452","YES","TRI","NO","0","NO","R","Pounds","123","0","0","0","0","0","0","0","0","0","0","0","0","0","123","0","0","0","0","0","0","0","0","0","0","0","0","0","0","0","0","0","0","0","0","0","0","0","0","0","0","0","0","0","0","0","0","0","0","98","0","0","0","98","0","98","123","0","0","123","0","0","0","0","2955","0","0","98","3176","","ACTIVITY",".86","NA",""
"2017","05301CBRDLQUINN","110039145092","CE BRADLEY LABORATORIES INC","55 BENNETT DR","BRATTLEBORO","WINDHAM","VT","05301","","","42.89601","-72.54927","NO","325","Chemicals","","","","","","","325510","","","","","","1317216342004","ETHYLBENZENE","000100414","19406","YES","TRI","NO","0","YES","R","Pounds","35","0","0","0","0","0","0","0","0","0","0","0","0","0","35","0","0","0","0","0","0","0","0","0","0","0","0","0","0","0","0","0","0","0","0","0","0","0","0","0","0","0","0","0","0","0","0","0","0","28","0","0","0","28","0","28","35","0","0","35","0","0","0","0","838","0","0","28","901","","ACTIVITY",".94","NA",""
"2017","05701GNRLL210CO","110000314909","GE AVIATION PLANT 1","210 COLUMBIAN AVE","RUTLAND","RUTLAND","VT","05701","","","43.606542","-72.993231","NO","336","Transportation Equipment","","","","","","","336412","","","","","","1317215989676","NICKEL","007440020","149674","YES","TRI","YES","1","YES","R","Pounds","0","0","0","0","0","0","0","0","0","0","0","0","0","0","0","5","0","5","0","0","38","0","0","0","0","0","0","0","0","0","67","0","0","0","0","13605","0","13715","0","0","0","0","820","820","0","0","0","0","0","0","0","0","0","0","0","14530","13715","0","0","0","67","14000","0","0","0","820","0","0","14887","","PRODUCTION",".93","GENERAL ELECTRIC CO (GE CO)","001367960"
"2017","05301CBRDLQUINN","110039145092","CE BRADLEY LABORATORIES INC","55 BENNETT DR","BRATTLEBORO","WINDHAM","VT","05301","","","42.89601","-72.54927","NO","325","Chemicals","","","","","","","325510","","","","","","1317216341990","CERTAIN GLYCOL ETHERS","N230","649541","YES","TRI","NO","0","NO","R","Pounds","118","0","0","0","0","0","0","0","0","0","0","0","0","0","118","0","0","0","0","0","0","0","0","0","0","0","0","0","0","0","0","0","0","0","0","0","0","0","0","0","0","0","0","0","0","0","0","0","0","94","0","0","0","94","0","94","118","0","0","118","0","0","0","0","2829","0","0","94","3041","","ACTIVITY",".93","NA",""
"2017","05701GNRLL210CO","110000314909","GE AVIATION PLANT 1","210 COLUMBIAN AVE","RUTLAND","RUTLAND","VT","05701","","","43.606542","-72.993231","NO","336","Transportation Equipment","","","","","","","336412","","","","","","1317215989690","NITRIC ACID","007697372","152686","NO","TRI","NO","0","NO","R","Pounds","5","12","0","0","0","0","0","0","0","0","0","0","0","0","17","0","0","0","0","0","0","0","0","0","0","0","0","0","0","0","0","0","0","0","0","0","0","0","0","0","0","0","0","0","0","0","0","0","0","0","11000","0","0","11000","0","11000","17","0","0","17","0","0","0","0","0","0","63","11000","11080","","PRODUCTION",".93","GENERAL ELECTRIC CO (GE CO)","001367960"
"2017","05301CBRDLQUINN","110039145092","CE BRADLEY LABORATORIES INC","55 BENNETT DR","BRATTLEBORO","WINDHAM","VT","05301","","","42.89601","-72.54927","NO","325","Chemicals","","","","","","","325510","","","","","","1317216342030","XYLENE (MIXED ISOMERS)","001330207","84970","YES","TRI","NO","0","NO","R","Pounds","422","0","0","0","0","0","0","0","0","0","0","0","0","0","422","0","0","0","0","0","0","0","0","0","0","0","0","0","0","0","0","0","0","0","0","0","0","0","0","0","0","0","0","0","0","0","0","0","0","337","0","0","0","337","0","337","422","0","0","422","0","0","0","0","10121","0","0","337","10880","","ACTIVITY",".92","NA",""
"2017","05701GNRLL210CO","110000314909","GE AVIATION PLANT 1","210 COLUMBIAN AVE","RUTLAND","RUTLAND","VT","05701","","","43.606542","-72.993231","NO","336","Transportation Equipment","","","","","","","336412","","","","","","1317215989688","LEAD","007439921","149583","YES","PBT","YES","1","YES","R","Pounds","0","0","0","0","0","0","0","0","0","0","0","0","0","0","0",".4","0",".4","0","0","0","0","0","0","0","0","0","0","0","0",".3","0","0","0","0","101","0","101.7","0","3","0","0","300","303","0","0","0","0","0","0","0","0","0","0","0","404.3","101.7","0","0","0",".3","100","0","0","0","300","0","0","400.3","","PRODUCTION",".93","GENERAL ELECTRIC CO (GE CO)","001367960"
"2017","05446HZLTT217LA","110000314829","HAZELETT STRIP CASTING CORP","135 W LAKESHORE DR","COLCHESTER","CHITTENDEN","VT","05446","","","44.54572","-73.21844","NO","333","Machinery","","","","","","","333249","","","","","","1317216367755","COPPER","007440508","150086","NO","TRI","YES","1","NO","R","Pounds","0","0","0","0","0","0","0","0","0","0","0","0","0","5","5","0","0","0","0","0","0","0","0","0","0","0","0","0","0","0","35","0","0","0","0","3","0","38","0","0","0","0","44855","44855","0","0","0","0","0","0","0","0","0","0","0","44893","43","0","0","5","35","3","0","0","0","44855","0","0","44898","","PRODUCTION","1.06","NA",""
"2017","05301CBRDLQUINN","110039145092","CE BRADLEY LABORATORIES INC","55 BENNETT DR","BRATTLEBORO","WINDHAM","VT","05301","","","42.89601","-72.54927","NO","325","Chemicals","","","","","","","325510","","","","","","1317216342016","N-BUTYL ALCOHOL","000071363","4739","NO","TRI","NO","0","NO","R","Pounds","65","0","0","0","0","0","0","0","0","0","0","0","0","0","65","0","0","0","0","0","0","0","0","0","0","0","0","0","0","0","0","0","0","0","0","0","0","0","0","0","0","0","0","0","0","0","0","0","0","52","0","0","0","52","0","52","65","0","0","65","0","0","0","0","1561","0","0","52","1678","","ACTIVITY",".78","NA",""
"2017","05701QSTCH92PAR","110020572860","QUESTECH CORP","92 PARK ST","RUTLAND","RUTLAND","VT","05701","","","43.59451","-72.97916","NO","326","Plastics and Rubber","","","","","","","326199","","","","","","1317216208684","STYRENE","000100425","19414","YES","TRI","NO","0","YES","R","Pounds","250","250","0","0","0","0","0","0","0","0","0","0","0","0","500","0","0","0","0","0","0","0","0","0","0","0","0","0","0","0","3000","0","0","0","0","0","0","3000","0","0","0","0","0","0","0","0","0","0","0","0","0","0","0","0","0","3000","3500","0","0","500","3000","0","0","0","0","0","0","0","3500","","ACTIVITY",".69","NA",""
"2017","0581WFRBNK2176P","110005260939","FAIRBANKS SCALES INC","2176 PORTLAND ST","SAINT JOHNSBURY","CALEDONIA","VT","05819","","","44.42767","-71.97842","NO","333","Machinery","","","","","","","333997","","","","","","1317216597827","LEAD","007439921","149583","YES","PBT","YES","1","YES","R","Pounds","0","0","0","0","0","0","0","0","0","0","0","0","0","0","0","0","0","0","0","0","0","0","0","0","0","0","0","0","0","0","0","0","0","0","0","0","0","0","0","0","0","0","571","571","0","0","0","0","0","0","0","0","0","0","0","571","0","0","0","0","0","0","0","0","0","571","0","0","571","","","","NA",""
"2017","0581WFRBNK2176P","110005260939","FAIRBANKS SCALES INC","2176 PORTLAND ST","SAINT JOHNSBURY","CALEDONIA","VT","05819","","","44.42767","-71.97842","NO","333","Machinery","","","","","","","333997","","","","","","1317216597839","CHROMIUM","007440473","150060","YES","TRI","YES","1","NO","R","Pounds","0","0","0","0","0","0","0","0","0","0","0","0","0","0","0","0","0","0","0","0","0","0","0","0","0","0","0","0","0","0","0","0","0","0","0","0","0","0","0","0","0","0","13224","13224","0","0","0","0","0","0","0","0","0","0","0","13224","0","0","0","0","0","0","0","0","0","13224","0","0","13224","","","","NA",""
"2017","05301FLFLXPUTNE","110000581567","FULFLEX A GARFLEX INC CO","32 JUSTIN HOLDEN DR","BRATTLEBORO","WINDHAM","VT","05301","","","42.88522","-72.55472","NO","326","Plastics and Rubber","","","","","","","326299","","","","","","1317215965740","LEAD COMPOUNDS","N420","650002","YES","PBT","YES","1","NO","R","Pounds","0","0","0","0","0","0","0","0","0","0","0","0","0","0","0","0","0","0","0","0","0","0","0","0","0","0","0","0","0","0","115","0","0","0","0","0","0","115","0","0","0","0","0","0","0","0","0","0","0","0","0","0","0","0","0","115","115","0","0","0","115","0","0","0","0","0","0","0","115","","PRODUCTION","1.06","NA",""
"2017","05301FLFLXPUTNE","110000581567","FULFLEX A GARFLEX INC CO","32 JUSTIN HOLDEN DR","BRATTLEBORO","WINDHAM","VT","05301","","","42.88522","-72.55472","NO","326","Plastics and Rubber","","","","","","","326299","","","","","","1317215965738","2-MERCAPTOBENZOTHIAZOLE","000149304","39883","NO","TRI","NO","0","NO","R","Pounds","0","0","0","0","0","0","0","0","0","0","0","0","0","0","0","0","0","0","0","0","0","0","0","0","0","0","0","0","0","0","1870","0","0","0","0","0","0","1870","0","0","0","0","0","0","0","0","0","0","0","0","0","0","0","0","0","1870","1870","0","0","0","1870","0","0","0","0","0","0","0","1870","","PRODUCTION","1.06","NA",""
"2017","05301FLFLXPUTNE","110000581567","FULFLEX A GARFLEX INC CO","32 JUSTIN HOLDEN DR","BRATTLEBORO","WINDHAM","VT","05301","","","42.88522","-72.55472","NO","326","Plastics and Rubber","","","","","","","326299","","","","","","1317215965753","NICKEL COMPOUNDS","N495","650036","YES","TRI","YES","1","YES","R","Pounds","0","0","0","0","0","0","0","0","0","0","0","0","0","0","0","0","0","0","0","0","0","0","0","0","0","0","0","0","0","0","400","0","0","0","0","0","0","400","0","0","0","0","0","0","0","0","0","0","0","0","0","0","0","0","0","400","400","0","0","0","400","0","0","0","0","0","0","0","400","","PRODUCTION","1.06","NA",""
"2017","0581WFRBNK2176P","110005260939","FAIRBANKS SCALES INC","2176 PORTLAND ST","SAINT JOHNSBURY","CALEDONIA","VT","05819","","","44.42767","-71.97842","NO","333","Machinery","","","","","","","333997","","","","","","1317216597841","MANGANESE","007439965","149625","YES","TRI","YES","1","NO","R","Pounds","0","0","0","0","0","0","0","0","0","0","0","0","0","0","0","0","0","0","0","0","0","0","0","0","0","0","0","0","0","0","0","0","0","0","0","0","0","0","0","0","0","0","7051","7051","0","0","0","0","0","0","0","0","0","0","0","7051","0","0","0","0","0","0","0","0","0","7051","0","0","7051","","","","NA",""
"2017","05301FLFLXPUTNE","110000581567","FULFLEX A GARFLEX INC CO","32 JUSTIN HOLDEN DR","BRATTLEBORO","WINDHAM","VT","05301","","","42.88522","-72.55472","NO","326","Plastics and Rubber","","","","","","","326299","","","","","","1317215965765","ZINC COMPOUNDS","N982","649699","NO","TRI","YES","1","NO","R","Pounds","0","0","0","0","0","0","0","0","0","0","0","0","0","0","0","0","0","0","0","0","0","0","0","0","0","0","0","0","0","0","37078","0","0","0","0","0","0","37078","0","0","0","0","0","0","0","0","0","0","0","0","0","0","0","0","0","37078","37078","0","0","0","37078","0","0","0","0","0","0","0","37078","","PRODUCTION","1.06","NA",""
"2017","0581WFRBNK2176P","110005260939","FAIRBANKS SCALES INC","2176 PORTLAND ST","SAINT JOHNSBURY","CALEDONIA","VT","05819","","","44.42767","-71.97842","NO","333","Machinery","","","","","","","333997","","","","","","1317216597854","NICKEL","007440020","149674","YES","TRI","YES","1","YES","R","Pounds","0","0","0","0","0","0","0","0","0","0","0","0","0","0","0","0","0","0","0","0","0","0","0","0","0","0","0","0","0","0","0","0","0","0","0","0","0","0","0","0","0","0","16532","16532","0","0","0","0","0","0","0","0","0","0","0","16532","0","0","0","0","0","0","0","0","0","16532","0","0","16532","","","","NA",""
"2017","05759GNRLL16WIN","110000314936","GE AVIATION PLANT 2","270 WINDCREST RD","NORTH CLARENDON","RUTLAND","VT","05759","","","43.576873","-72.959048","NO","336","Transportation Equipment","","","","","","","336412","","","","","","1317215989777","HYDROGEN FLUORIDE","007664393","152371","YES","TRI","NO","0","NO","R","Pounds","5","460","0","0","0","0","0","0","0","0","0","0","0","0","465","0","0","0","0","0","0","0","0","0","0","0","0","0","0","0","0","0","0","0","0","0","0","0","0","0","0","0","0","0","0","0","0","0","0","95","4110","0","0","4205","0","4205","465","0","0","470","0","0","0","0","0","0","39000","4200","43670","","PRODUCTION",".93","GENERAL ELECTRIC CO (GE CO)","001367960"
"2017","05759GNRLL16WIN","110000314936","GE AVIATION PLANT 2","270 WINDCREST RD","NORTH CLARENDON","RUTLAND","VT","05759","","","43.576873","-72.959048","NO","336","Transportation Equipment","","","","","","","336412","","","","","","1317215989789","LEAD","007439921","149583","YES","PBT","YES","1","YES","R","Pounds","0","0","0","0","0","0","0","0","0","0","0","0","0","0","0","1.4","0","1.4","0","0","1.3","0","0","0","0","0","0","0","0","0","8.8","0","0","0","0","233.1","0","244.6","0","811.2","0","0","0","811.2","0","0","0","0","0","0","0","0","0","0","0","1054.4","244.6","0","0","0","9.7","230","0","0","0","810","0","0","1049.7","","PRODUCTION",".93","GENERAL ELECTRIC CO (GE CO)","001367960"
"2017","05759GNRLL16WIN","110000314936","GE AVIATION PLANT 2","270 WINDCREST RD","NORTH CLARENDON","RUTLAND","VT","05759","","","43.576873","-72.959048","NO","336","Transportation Equipment","","","","","","","336412","","","","","","1317215989753","CHROMIUM","007440473","150060","YES","TRI","YES","1","NO","R","Pounds","0","0","0","0","0","0","0","0","0","0","0","0","0","0","0","5","0","5","0","0","1900","0","0","0","0","0","0","0","0","0","3200","0","0","0","0","4843","0","9948","0","20000","0","0","0","20000","0","0","0","0","0","0","0","0","0","0","0","29943","9948","0","0","0","3200","6700","0","0","0","20000","0","0","29900","","PRODUCTION",".93","GENERAL ELECTRIC CO (GE CO)","001367960"
"2017","05641SFTYK23WSE","110000620392","SAFETY-KLEEN SYSTEMS BARRE (BVT)","23 W SECOND ST","BARRE","WASHINGTON","VT","05641","","","44.20626","-72.516","NO","562","Hazardous Waste","","","","","","","562112","484220","484230","","","","1317216646657","ETHYLENE GLYCOL","000107211","24257","YES","TRI","NO","0","NO","R","Pounds","1","0","0","0","0","0","0","0","0","0","0","0","0","0","1","0","0","0","0","0","0","0","0","0","0","0","0","0","0","0","0","0","0","0","0","0","0","0","0","0","168607","0","0","168607","0","0","0","0","0","0","0","0","0","0","0","168607","1","0","0","1","0","0","0","0","0","168607","0","0","168608","","","","CLEAN HARBORS INC","157793639"
"2017","05301BSCSCBRUDI","110000763148","NEENAH NORTHEAST LLC","161 WELLINGTON RD","BRATTLEBORO","WINDHAM","VT","05301","","","42.888826","-72.546158","NO","322","Paper","","","","","","","322130","","","","","","1317216360329","POLYCYCLIC AROMATIC COMPOUNDS","N590","649749","YES","PBT","NO","0","YES","R","Pounds","0","0","0","0","0","0","0","0","0","0","0","0","0","0","0","0","0","0","0","0","0","0","0","0","0","0","0","0","0","0","0","0","0","0","0","0","0","0","0","0","0","0","0","0","0","0","0","0","0","0","0","0","0","0","0","0","0","0","0","0","0","0","0","0","0","0","0","0","0","","PRODUCTION","1.03","NEENAH PAPER INC","175984137"
"2017","05759GNRLL16WIN","110000314936","GE AVIATION PLANT 2","270 WINDCREST RD","NORTH CLARENDON","RUTLAND","VT","05759","","","43.576873","-72.959048","NO","336","Transportation Equipment","","","","","","","336412","","","","","","1317215989765","COPPER","007440508","150086","NO","TRI","YES","1","NO","R","Pounds","0","0","0","0","0","0","0","0","0","0","0","0","0","0","0","0","0","0","0","0","0","0","0","0","0","0","0","0","0","0","67","0","0","0","0","0","0","67","0","14210","0","0","0","14210","0","0","0","0","0","0","0","0","0","0","0","14277","67","0","0","0","67","0","0","0","0","14000","0","0","14067","","PRODUCTION",".93","GENERAL ELECTRIC CO (GE CO)","001367960"
"2017","05759GNRLL16WIN","110000314936","GE AVIATION PLANT 2","270 WINDCREST RD","NORTH CLARENDON","RUTLAND","VT","05759","","","43.576873","-72.959048","NO","336","Transportation Equipment","","","","","","","336412","","","","","","1317215989740","BARIUM COMPOUNDS","N040","649426","NO","TRI","NO","3","NO","R","Pounds","0","0","0","0","0","0","0","0","0","0","0","0","0","0","0","0","0","0","0","0","580","0","0","0","0","0","0","0","0","0","5","0","0","0","0","4428","0","5013","0","5","0","0","0","5","0","0","0","0","0","0","0","0","0","0","0","5018","5013","0","0","0","9","5000","0","0","0","1","0","0","5010","","PRODUCTION",".93","GENERAL ELECTRIC CO (GE CO)","001367960"
"2017","0545WRVSNM7CRPR","110038915494","REVISION MILITARY","7 CORPORATE DR","ESSEX JUNCTION","CHITTENDEN","VT","05452","","","44.50304","-73.0447","NO","326","Plastics and Rubber","","","","","","","326199","","","","","","1317215908916","METHANOL","000067561","4283","YES","TRI","NO","0","NO","R","Pounds","0","3090","0","0","0","0","0","0","0","0","0","0","0","0","3090","0","0","0","0","0","0","0","0","0","0","0","0","0","0","0","0","0","0","0","0","0","0","0","0","0","0","0","0","0","0","1143","1143","0","0","0","0","0","0","0","0","1143","3090","0","0","3090","0","0","0","1143","0","0","0","0","4233","","PRODUCTION",".83","NA",""
"2017","05759GNRLL16WIN","110000314936","GE AVIATION PLANT 2","270 WINDCREST RD","NORTH CLARENDON","RUTLAND","VT","05759","","","43.576873","-72.959048","NO","336","Transportation Equipment","","","","","","","336412","","","","","","1317215989815","NITRIC ACID","007697372","152686","NO","TRI","NO","0","NO","R","Pounds","250","46","0","0","0","0","0","0","0","0","0","0","0","0","296","0","0","0","0","0","0","0","0","0","0","0","0","0","0","0","0","0","0","0","0","0","0","0","0","0","0","0","0","0","0","0","0","0","0","1800","51005","0","0","52805","0","52805","296","0","0","300","0","0","0","0","0","0","39000","53000","92300","","PRODUCTION",".93","GENERAL ELECTRIC CO (GE CO)","001367960"
"2017","05759GNRLL16WIN","110000314936","GE AVIATION PLANT 2","270 WINDCREST RD","NORTH CLARENDON","RUTLAND","VT","05759","","","43.576873","-72.959048","NO","336","Transportation Equipment","","","","","","","336412","","","","","","1317215989791","NICKEL","007440020","149674","YES","TRI","YES","1","YES","R","Pounds","0","0","0","0","0","0","0","0","0","0","0","0","0","0","0","5","0","5","0","0","2900","0","0","0","0","0","0","0","0","0","1100","0","0","0","0","28094","0","32099","0","36640","0","0","0","36640","0","0","0","0","0","0","0","0","0","0","0","68734","32099","0","0","0","1100","31000","0","0","0","37000","0","0","69100","","PRODUCTION",".93","GENERAL ELECTRIC CO (GE CO)","001367960"
"2017","05759GNRLL16WIN","110000314936","GE AVIATION PLANT 2","270 WINDCREST RD","NORTH CLARENDON","RUTLAND","VT","05759","","","43.576873","-72.959048","NO","336","Transportation Equipment","","","","","","","336412","","","","","","1317215989803","NITRATE COMPOUNDS","N511","649616","NO","TRI","NO","0","NO","R","Pounds","0","0","0","0","0","0","0","0","0","0","0","0","0","0","0","3800","34200","38000","0","0","0","0","0","0","0","0","0","0","0","0","5","0","0","0","0","0","0","3805","0","0","0","0","0","0","0","0","0","0","0","0","28840","0","0","63040","0","63045","3805","0","0","0","2","3800","0","0","0","0","0","63000","66802","","PRODUCTION",".93","GENERAL ELECTRIC CO (GE CO)","001367960"
"2017","05478BNJRR900IN","110000758350","BEN & JERRY'S HOMEMADE INC ST ALBANS","900 INDUSTRIAL PARK RD","SAINT ALBANS","FRANKLIN","VT","05478","","","44.7959","-73.0997","NO","311","Food","","","","","","","311520","","","","","","1317215973658","NITRIC ACID","007697372","152686","NO","TRI","NO","0","NO","R","Pounds","0","0","0","0","0","0","0","0","0","0","0","0","0","0","0","0","0","0","0","0","0","0","0","0","0","0","0","0","0","0","0","0","0","0","0","0","0","0","0","0","0","0","0","0","0","0","0","0","0","0","0","0","0","0","0","0","0","0","0","0","0","0","0","0","0","0","12747","0","12747","","PRODUCTION",".96","UNILEVER MANUFACTURING (US) INC","001375088"
"2017","05641SFTYK23WSE","110000620392","SAFETY-KLEEN SYSTEMS BARRE (BVT)","23 W SECOND ST","BARRE","WASHINGTON","VT","05641","","","44.20626","-72.516","NO","562","Hazardous Waste","","","","","","","562112","484220","484230","","","","1317215951791","POLYCYCLIC AROMATIC COMPOUNDS","N590","649749","YES","PBT","NO","0","YES","R","Pounds","0","0","0","0","0","0","0","0","0","0","0","0","0","0","0","0","0","0","0","0","0","0","0","0","0","0","0","0","0","0","0","0","0","0","0","0","0","0","0","0","505.9","0","0","505.9","0","0","0","0","0","0","0","0","0","0","0","505.9","0","0","0","0","0","0","0","0","0","506","0","0","506","","ACTIVITY","1.27","CLEAN HARBORS INC","157793639"
"2017","05641SFTYK23WSE","110000620392","SAFETY-KLEEN SYSTEMS BARRE (BVT)","23 W SECOND ST","BARRE","WASHINGTON","VT","05641","","","44.20626","-72.516","NO","562","Hazardous Waste","","","","","","","562112","484220","484230","","","","1317215951777","BENZO(G,H,I)PERYLENE","000191242","40576","YES","PBT","NO","0","NO","R","Pounds","0","0","0","0","0","0","0","0","0","0","0","0","0","0","0","0","0","0","0","0","0","0","0","0","0","0","0","0","0","0","0","0","0","0","0","0","0","0","0","0","69.6","0","0","69.6","0","0","0","0","0","0","0","0","0","0","0","69.6","0","0","0","0","0","0","0","0","0","70","0","0","70","","ACTIVITY","1.27","CLEAN HARBORS INC","157793639"
"2017","05142MCKMLRTE13","110008205405","MACK MOLDING CO","2044 MAIN ST","CAVENDISH","WINDSOR","VT","05142","","","43.38215","-72.60921","NO","326","Plastics and Rubber","","","","","","","326199","","","","","","1317216259554","ANTIMONY COMPOUNDS","N010","649921","YES","TRI","YES","1","NO","R","Pounds","0","0","0","0","0","0","0","0","0","0","0","0","0","0","0","0","0","0","0","0","0","0","0","0","0","0","0","0","0","0","0","0","0","0","0","0","0","0","0","0","0","0","0","0","0","0","0","0","0","0","0","0","0","0","0","0","0","0","0","0","0","0","0","0","0","0","0","0","0","","PRODUCTION","1","MACK GROUP","002068096"
"2017","05478BNJRR900IN","110000758350","BEN & JERRY'S HOMEMADE INC ST ALBANS","900 INDUSTRIAL PARK RD","SAINT ALBANS","FRANKLIN","VT","05478","","","44.7959","-73.0997","NO","311","Food","","","","","","","311520","","","","","","1317215973645","AMMONIA","007664417","152389","NO","TRI","NO","0","NO","R","Pounds","0","0","0","0","0","0","0","0","0","0","0","0","0","26400","26400","0","0","0","0","0","0","0","0","0","0","0","0","0","0","0","0","0","0","0","0","0","0","0","0","0","0","0","0","0","0","0","0","0","0","0","0","0","0","0","0","0","26400","0","0","26400","0","0","0","0","0","0","0","0","26400","","ACTIVITY","1.08","UNILEVER MANUFACTURING (US) INC","001375088"
"2017","05452BMXXX1000R","110000314847","GLOBALFOUNDRIES US 2 LLC - VERMONT FACILITY","1000 RIVER ST","ESSEX JUNCTION","CHITTENDEN","VT","05452","","","44.480329","-73.094293","NO","334","Computers and Electronic Products","","","","","","","334413","","","","","","1317216334680","OZONE","010028156","166678","NO","TRI","NO","0","NO","R","Pounds","0","0","0","0","0","0","0","0","0","0","0","0","0","0","0","0","0","0","0","0","0","0","0","0","0","0","0","0","0","0","0","0","0","0","0","0","0","0","0","0","0","0","0","0","0","0","0","0","0","0","0","0","0","0","0","0","0","0","0","0","0","0","0","0","0","0","40486","0","40486","","PRODUCTION","1.01","GLOBALFOUNDRIES US INC","830417593"
"2017","05452BMXXX1000R","110000314847","GLOBALFOUNDRIES US 2 LLC - VERMONT FACILITY","1000 RIVER ST","ESSEX JUNCTION","CHITTENDEN","VT","05452","","","44.480329","-73.094293","NO","334","Computers and Electronic Products","","","","","","","334413","","","","","","1317216645655","SULFURIC ACID (1994 AND AFTER "ACID AEROSOLS" ONLY)","007664939","152405","NO","TRI","NO","0","NO","R","Pounds","2","561","0","0","0","0","0","0","0","0","0","0","0","0","563","0","0","0","0","0","0","0","0","0","0","0","0","0","0","0","0","0","0","0","0","0","0","0","0","0","0","0","0","0","0","0","0","0","0","0","0","0","0","0","0","0","563","0","0","563","0","0","0","0","0","0","2162028","0","2162591","","PRODUCTION","1.01","GLOBALFOUNDRIES US INC","830417593"
"2017","05446CHMPLHERCU","110000314810","CHAMPLAIN CABLE CORP","175 HERCULES DR","COLCHESTER","CHITTENDEN","VT","05446","","","44.510756","-73.176005","NO","335","Electrical Equipment","","","","","","","335929","","","","","","1317216219737","ANTIMONY COMPOUNDS","N010","649921","YES","TRI","YES","1","NO","R","Pounds","0","0","0","0","0","0","0","0","0","0","0","0","0","0","0","0","0","0","0","0","0","0","0","0","0","0","0","0","0","0","0","0","0","0","0","0","0","0","0","0","0","0","308","308","0","0","0","0","0","0","0","0","0","0","0","308","0","0","0","0","0","0","0","0","0","308","0","0","308","","PRODUCTION",".91","NA",""
"2017","05452BMXXX1000R","110000314847","GLOBALFOUNDRIES US 2 LLC - VERMONT FACILITY","1000 RIVER ST","ESSEX JUNCTION","CHITTENDEN","VT","05452","","","44.480329","-73.094293","NO","334","Computers and Electronic Products","","","","","","","334413","","","","","","1317216334413","HYDROGEN FLUORIDE","007664393","152371","YES","TRI","NO","0","NO","R","Pounds","203","4063","0","0","0","0","0","0","0","0","0","0","0","0","4266","0","0","0","0","0","0","0","0","0","0","0","0","0","0","0","0","0","0","0","0","0","0","0","0","0","0","0","0","0","0","0","0","0","0","59.54","0","0","0","59.54","0","59.54","4266","0","0","4266","0","0","0","0","0","0","179895","59.54","184220.54","","PRODUCTION","1.01","GLOBALFOUNDRIES US INC","830417593"
"2017","05452BMXXX1000R","110000314847","GLOBALFOUNDRIES US 2 LLC - VERMONT FACILITY","1000 RIVER ST","ESSEX JUNCTION","CHITTENDEN","VT","05452","","","44.480329","-73.094293","NO","334","Computers and Electronic Products","","","","","","","334413","","","","","","1317216341952","NITRATE COMPOUNDS","N511","649616","NO","TRI","NO","0","NO","R","Pounds","0","0","135525","0","0","0","0","0","0","0","0","0","0","0","135525","0","0","0","0","0","0","0","0","0","0","0","0","0","0","0","34.345","0","0","0","0","0","0","34.345","0","0","0","0","0","0","0","0","0","0","0","0","0","0","0","0","0","34.345","135559.345","0","0","135525","34.345","0","0","0","0","0","296032","0","431591.345","","PRODUCTION","1.01","GLOBALFOUNDRIES US INC","830417593"
"2017","05452BMXXX1000R","110000314847","GLOBALFOUNDRIES US 2 LLC - VERMONT FACILITY","1000 RIVER ST","ESSEX JUNCTION","CHITTENDEN","VT","05452","","","44.480329","-73.094293","NO","334","Computers and Electronic Products","","","","","","","334413","","","","","","1317216336899","NITRIC ACID","007697372","152686","NO","TRI","NO","0","NO","R","Pounds","125","1253","0","0","0","0","0","0","0","0","0","0","0","0","1378","0","0","0","0","0","0","0","0","0","0","0","0","0","0","0","0","0","0","0","0","0","0","0","0","0","0","0","0","0","0","0","0","0","0","0","0","0","0","0","0","0","1378","0","0","1378","0","0","0","0","0","0","64874","0","66252","","PRODUCTION","1.01","GLOBALFOUNDRIES US INC","830417593"
"2017","05446CHMPLHERCU","110000314810","CHAMPLAIN CABLE CORP","175 HERCULES DR","COLCHESTER","CHITTENDEN","VT","05446","","","44.510756","-73.176005","NO","335","Electrical Equipment","","","","","","","335929","","","","","","1317216219749","ZINC COMPOUNDS","N982","649699","NO","TRI","YES","1","NO","R","Pounds","0","0","0","0","0","0","0","0","0","0","0","0","0","0","0","0","0","0","0","0","0","0","0","0","0","0","0","0","0","0","0","0","0","0","0","0","0","0","0","0","0","0","234","234","0","0","0","0","0","0","0","0","0","0","0","234","0","0","0","0","0","0","0","0","0","234","0","0","234","","PRODUCTION",".91","NA",""
"2017","05452BMXXX1000R","110000314847","GLOBALFOUNDRIES US 2 LLC - VERMONT FACILITY","1000 RIVER ST","ESSEX JUNCTION","CHITTENDEN","VT","05452","","","44.480329","-73.094293","NO","334","Computers and Electronic Products","","","","","","","334413","","","","","","1317216495236","N-METHYL-2-PYRROLIDONE","000872504","72744","NO","TRI","NO","0","NO","R","Pounds","1","94","742","0","0","0","0","0","0","0","0","0","0","0","837","0","0","0","0","0","0","0","0","0","0","0","0","0","0","0","0","0","0","0","0","0","16.84","16.84","38860.8","0","0","0","42835.2","81696","6957.34","0","6957.34","0","0","1289.31","0","0","0","1289.31","0","89959.49","853.84","0","0","837","0","16.84","0","6957.34","0","81696","3299","1289.31","94095.49","","PRODUCTION","1.01","GLOBALFOUNDRIES US INC","830417593"
"2017","05452BMXXX1000R","110000314847","GLOBALFOUNDRIES US 2 LLC - VERMONT FACILITY","1000 RIVER ST","ESSEX JUNCTION","CHITTENDEN","VT","05452","","","44.480329","-73.094293","NO","334","Computers and Electronic Products","","","","","","","334413","","","","","","1317216617427","ETHYLENE GLYCOL","000107211","24257","YES","TRI","NO","0","NO","R","Pounds","0","146","536","0","0","0","0","0","0","0","0","0","0","0","682","0","0","0","0","0","0","0","0","0","0","0","0","0","0","0","0","0","0","0","0","0","105.79","105.79","0","0","0","0","0","0","231.51","0","231.51","0","0","351.33","0","0","0","351.33","0","688.63","787.79","0","0","682","0","105.79","0","231.51","0","0","9868","351.33","11238.63","","PRODUCTION","1.01","GLOBALFOUNDRIES US INC","830417593"
"2017","05491HRCLSPANTO","110000826848","SIMMONDS PRECISION PRODUCTS INC","100 PANTON RD","VERGENNES","ADDISON","VT","05491","","","44.16298","-73.26335","NO","336","Transportation Equipment","","","","","","","336413","","","","","","1317216151365","LEAD","007439921","149583","YES","PBT","YES","1","YES","R","Pounds","0",".18","0","0","0","0","0","0","0","0","0","0","0","0",".18",".3","0",".3","0","0","0","0","0","0","0","0","0","0","0","0","0","0","0","0","59","0","0","59.3","0","0","0","0","0","0","0","0","0","0","0","0","0","0","0","0","0","59","59.48","0","0",".18",".189","59.111","0","0","0","0","0","0","59.48","","PRODUCTION",".5","UNITED TECHNOLOGIES CORP","004467452"
"2017","05452BMXXX1000R","110000314847","GLOBALFOUNDRIES US 2 LLC - VERMONT FACILITY","1000 RIVER ST","ESSEX JUNCTION","CHITTENDEN","VT","05452","","","44.480329","-73.094293","NO","334","Computers and Electronic Products","","","","","","","334413","","","","","","1317216341141","AMMONIA","007664417","152389","NO","TRI","NO","0","NO","R","Pounds","629","3145","5439","0","0","0","0","0","0","0","0","0","0","0","9213","0","0","0","0","0","0","0","0","0","0","0","0","0","0","0","73","0","0","0","0","0","0","73","0","0","0","0","0","0","0","0","0","0","0","0","0","0","0","0","0","73","9286","0","0","9213","73","0","0","0","0","0","28534","0","37820","","PRODUCTION","1.01","GLOBALFOUNDRIES US INC","830417593"
"2017","05452BMXXX1000R","110000314847","GLOBALFOUNDRIES US 2 LLC - VERMONT FACILITY","1000 RIVER ST","ESSEX JUNCTION","CHITTENDEN","VT","05452","","","44.480329","-73.094293","NO","334","Computers and Electronic Products","","","","","","","334413","","","","","","1317216341798","HYDROCHLORIC ACID (1995 AND AFTER "ACID AEROSOLS" ONLY)","007647010","152231","YES","TRI","NO","0","NO","R","Pounds","57","1131","0","0","0","0","0","0","0","0","0","0","0","0","1188","0","0","0","0","0","0","0","0","0","0","0","0","0","0","0","0","0","0","0","0","0","0","0","0","0","0","0","0","0","0","0","0","0","0","0","0","0","0","0","0","0","1188","0","0","1188","0","0","0","0","0","0","78611","0","79799","","PRODUCTION","1.01","GLOBALFOUNDRIES US INC","830417593"
"2017","05902THNLLMAINS","110000871156","ETHAN ALLEN OPERATIONS INC BEECHER FALLS DIV","1280 VT RT 253","BEECHER FALLS","ESSEX","VT","05902","","","45.010961","-71.506543","NO","337","Furniture","","","","","","","337122","321113","","","","","1317216079677","LEAD COMPOUNDS","N420","650002","YES","PBT","YES","1","NO","R","Pounds","0","6.694","0","0","0","0","0","0","0","0","0","0","0","0","6.694","0","0","0","0","0","0","0","0","0","0","0","0","0","0","0","0","0","0","0","0","0","0","0","0","0","0","0","0","0","0","0","0","0","0","0","0","0","0","0","0","0","6.694","0","0","6.694","0","0","0","0","0","0","0","0","6.694","","PRODUCTION","1.03","ETHAN ALLEN OPERATIONS INC","001213545"
"2017","05465SRMYTETHAN","110037143365","US ARMY NATIONAL GUARD ETHAN ALLEN FIRING RANGE","ETHAN ALLEN FIRING RANGE","JERICHO","CHITTENDEN","VT","05465","","","44.477528","-72.935099","YES","999","Other","","","","","","","928110","","","","","","1317216117236","LEAD","007439921","149583","YES","PBT","YES","1","YES","R","Pounds","0","0","0","0","0","0","0","0","0","0","0","0","0","13199.9","13199.9","0","0","0","0","0","0","0","0","0","0","0","0","0","0","0","0","0","0","0","0","0","0","0","0","0","0","0","0","0","0","0","0","0","0","0","0","0","0","0","0","0","13199.9","0","0","13199.9","0","0","0","0","0","0","0","0","13199.9","","ACTIVITY",".98","US DEPARTMENT OF DEFENSE","NA"
"2017","05465SRMYTETHAN","110037143365","US ARMY NATIONAL GUARD ETHAN ALLEN FIRING RANGE","ETHAN ALLEN FIRING RANGE","JERICHO","CHITTENDEN","VT","05465","","","44.477528","-72.935099","YES","999","Other","","","","","","","928110","","","","","","1317216117212","COPPER","007440508","150086","NO","TRI","YES","1","NO","R","Pounds","0","0","0","0","0","0","0","0","0","0","0","0","0","19237","19237","0","0","0","0","0","0","0","0","0","0","0","0","0","0","0","0","0","0","0","0","0","0","0","0","0","0","0","0","0","0","0","0","0","0","0","0","0","0","0","0","0","19237","0","0","19237","0","0","0","0","0","0","0","0","19237","","ACTIVITY",".98","US DEPARTMENT OF DEFENSE","NA"
